AffiliationId,FullName
60205797,Abilene Christian University
71965598,Adelphi University
64506506,Agnes Scott College
45644089,Albion College
45644089,Albion University
49502546,Alfred University
120506574,Allegheny College
120506574,Allegheny University
126533617,Alliant International University
181401687,American University
177605424,Amherst College
102298084,Andrews University
98905627,Aquinas College
98905627,Aquinas College-Michigan
98905627,Aquinas College - Michigan
98905627,Aquinas College Michigan
51204116,Arcadia University
,Arizona Board of Regents
55732556,Arizona State University
145210474,Assumption College
82497590,Auburn University
184692499,Austin Peay State University
184692499,Austin Pay State University
96062909,Babson College
82462995,Baker University
115364640,Baldwin–Wallace College
115364640,Baldwin Wallace College
198089087,Ball State University
39661318,Bard College
98540497,Barnard College
151583259,Barry University
37415318,Bates College
181547552,Baylor College of Medicine
157394403,Baylor University
51204116,Beaver College
872719,Bellarmine University
872719,Bellarmine College
58064216,Bellevue University
47500176,Belmont University
76369901,Beloit College
152479009,Biola University
,"Board of Regents, State of Iowa"
41112366,Birmingham–Southern College
41112366,Birmingham Southern College
120156002,Boise State University
103531236,Boston College
111088046,Boston University
135474949,Bowdoin College
135474949,Bowdoin University
157417397,Bowling Green State University
24648388,Bradley University
6902469,Brandeis University
91042652,Brenau University
100005738,Brigham Young University
27804330,Brown University
102373834,Bryn Mawr College
131221577,Bucknell University
110678235,Butler University
122411786,California Institute of Technology
176611909,California Lutheran University
127339247,California State University System
230604491,California Maritime Academy
230604491,California Maritime Academy [Cal Maritime]
149919469,California Polytechnic State University
149919469,"California Polytechnic State University, San Luis Obispo"
149919469,California Polytechnic State University San Luis Obispo
149919469,"California Polytechnic State University, San Luis Obispo [Cal Poly]"
98947143,California State Polytechnic University
98947143,"California State Polytechnic University, Pomona"
98947143,California State Polytechnic University Pomona
2802039673,California Miramar University
4210147380,California Northstate University
4210092555,California Pacific University
149919469,California Polytechnic State University
98947143,California State Polytechnic University
27825529,California State University Los Angeles
27825529,"California State University, Los Angeles"
118839592,"California State University, Bakersfield"
118839592,California State University Bakersfield
194388944,California State University Channel Islands
194388944,"California State University, Channel Islands"
36053171,"California State University, Chico"
36053171,California State University Chico
290598920,"California State University, Dominguez Hills"
290598920,California State University Dominguez Hills
184813773,"California State University, East Bay"
184813773,California State University East Bay
184813773,"California State University, Hayward"
184813773,California State University Hayward
67328108,"California State University, Fresno"
67328108,California State University Fresno
142934699,Fullerton University
142934699,"California State University, Fullerton"
142934699,California State University Fullerton
59897056,"California State University, Long Beach"
59897056,California State University Long Beach
27825529,California State University Los Angeles
27825529,"California State University, Los Angeles"
135369504,"California State University, Monterey Bay"
135369504,California State University Monterey Bay
157638225,"California State University, Northridge"
157638225,California State University Northridge
43522216,"California State University, Sacramento"
43522216,California State University Sacramento
43369023,"California State University, San Bernardino"
43369023,California State University San Bernardino
226560621,"California State University, San Marcos"
226560621,California State University San Marcos
197875241,"California State University, Stanislaus"
197875241,California State University Stanislaus
192389796,Humboldt State University
26538001,San Diego State University
71838634,San Francisco State University
51504820,San Jose State University
158011677,Sonoma State University
163795733,Calvin College
163795733,Calvin University
132446568,Campbell University
139787848,Capital University
188497080,Carleton College
188497080,Carleton University
74973139,Carnegie Mellon University
176902721,Carthage College
176902721,Carthage University
58956616,Case Western Reserve University
84470341,Catholic University of America
84470341,The Catholic University of America
95574288,Centenary College of Louisiana
1629065,Central Michigan University
29867402,Central Washington University
12162268,Centre College
185071736,Chapman University
202522242,Chestnut Hill College
102015815,Christian Brothers University
91036609,Citadel
174216632,City University of New York
174216632,City University of New York CUNY
125687163,City College of New York
125687163,City College of New York CUNY
125687163,City College of New York Ccny
141810926,Bernard M Baruch College
141810926,Bernard M. Baruch College
141810926,Baruch College
83041322,Brooklyn College
142393192,College of Staten Island
32170380,Medgar Evers College
39694355,Hunter College
92507152,John Jay College of Criminal Justice
161301626,Lehman College
161301626,Herbert H Lehman College
161301626,Hebert H Lehman College
76513827,New York City College of Technology
111455621,"Queens College, CUNY"
111455621,Queens College
150397245,"York College, City University of New York"
150397245,York College
,New York City Technical College
106107269,Claremont McKenna College
52064589,Clark Atlanta University
130785548,Clark University
130785548,Clark College
16944753,Clarkson University
8078737,Clemson University
102607778,Cleveland State University
27504731,Colby College
39660569,Colgate University
204593131,College of Charleston
147569298,Mount St Joseph University
147569298,College of Mount St Joseph
64281891,College of New Jersey
15881279,Notre Dame of Maryland University
15881279,College of Notre Dame of Maryland
142767807,St. Catherine University
142767807,College of St Catherine
181761882,College of St Scholastica
107139065,College of the Holy Cross
107139065,College of Holy Cross
16285277,William & Mary
16285277,William & Mary College
16285277,William and Mary
16285277,William and Mary College
16285277,College of William and Mary
118746106,College of Wooster
189774192,Colorado College
167576493,Colorado School of Mines
4210131357,Colorado State University System
92446798,Colorado State University
92446798,Colorado State University-Fort Collins
92446798,Colorado State University Fort Collins
92446798,"Colorado State University, Fort Collins"
114312114,"Colorado State University, Pueblo"
114312114,Colorado State University-Pueblo
114312114,Colorado State University Pueblo
114312114,University of Southern Colorado
78577930,Columbia University
19406000,Concordia University Chicago
19406000,Concordia University
65571275,Concord University
4498119,Connecticut College
206204273,Converse College
205783295,Cornell University
114493937,Creighton University
107672454,Dartmouth College
141720752,Davidson College
20577493,Denison University
118353179,DePaul University
12113309,DePauw University
121058860,Dickinson College
189917405,Dominican University
87213936,Drake University
177880774,Drew University
72816309,Drexel University
95144958,Drury University
95144958,Drury College
170897317,Duke University
4210144876,Duke University Medical Center and Health System
4210144876,Duke University Health System
165102784,Duquesne University
130712669,Earlham College
119443389,East Tennessee State University
153871386,Eastern Illinois University
138216421,Eastern Michigan University
69692435,Elmira College
170164250,Elon University
170164250,Elon College
87650153,Emerson College
150468666,Emory University
93131583,Emporia State University
126350171,Fairfield University
32907511,Fairleigh Dickinson University
8248082,Florida Agricultural and Mechanical University
63772739,Florida Atlantic University
2801014300,Florida Gulf Coast University
106959904,Florida Institute of Technology
19700959,Florida International University
103163165,Florida State University
164389053,Fordham University
149471917,Fort Lewis College
173146385,Franklin & Marshall College
86115722,Furman University
66108857,Gallaudet University
967637,Gannon University
162714631,George Mason University
193531525,George Washington University
193531525,The George Washington University
184565670,Georgetown University
176113532,Gettysburg College
119888943,Gonzaga University
42321615,Goucher College
8606887,Grand Valley State University
173288447,Grinnell College
13913294,Gustavus Adolphus College
21867089,Gwynedd Mercy University
21867089,Gwynedd Mercy College
21867089,Gwynedd-Mercy College
188592606,Hamilton College
151328261,Hampton University
198366374,Hardin–Simmons University
198366374,Hardin Simmons University
107363760,Harding University Main Campus
107363760,Harding University
136199984,Harvard University
155707491,Haverford College
130327366,Hendrix College
143104139,Hobart and William Smith Colleges
143104139,Hobart & William Smith
139290212,Hofstra University
87552059,Hood College
2799935922,Howard College
137853757,Howard University
4210165361,Idaho State Board of Education
106969075,Idaho State University
180949307,Illinois Institute of Technology
47301684,Illinois State University
184616310,Illinois Wesleyan University
86420138,Indiana State University
,Indiana University System
4210119109,Indiana University Bloomington
4210135278,Indiana University East
4210161414,Indiana University Fort Wayne
4210136381,Indiana University Kokomo
4210093298,Indiana University Northwest
4210134870,Indiana University South Bend
4210117780,Indiana University Southeast
200885203,Indiana University of Pennsylvania
59900826,Indiana University Purdue University Columbus
55769427,Indiana University Purdue University Indianapolis
40036882,Institute for Advanced Study
173466955,Iona College
173911158,Iowa State University
173911158,Iowa State University of Science and Technology
87424562,Ithaca College
87424562,Ithaca University
11883440,James Madison University
183716014,John Carroll University
145311948,Johns Hopkins University
51283352,Juilliard School
2801365651,Kansas Board of Regents
48664048,Kalamazoo College
189590672,Kansas State University
149910238,Kent State University
42387498,Knox College
47652572,La Salle University
47652572,Lasalle University
184759092,Lafayette College
184759092,Lafayette University
17173981,Lake Erie College
162514690,Lake Forest College
153592363,Lawrence University
186143895,Lehigh University
126683464,Lenoir–Rhyne University
126683464,Lenoir Rhyne University
126683464,Lenoir Rhyne College
74054363,Linfield College
26347476,Loma Linda University
138873065,Long Island University
141448028,Longwood University
141448028,Longwood College
107341208,Louisiana State University System
121820613,Louisiana State University
121820613,Louisiana State University and Agricultural and Mechanical college
13115107,Louisiana State University of Alexandria
13115107,Louisiana State University at Alexandria
2799937713,Louisiana State University at Eunice
2799937713,Louisiana State University Eunice
75420490,Louisiana State University Health Sciences Center In New Orleans
75420490,Louisiana State University Health Sciences Center New Orleans
75420490,Louisiana State University Health Sciences Center
75420490,Louisiana State University Medical Center
26489229,Louisiana State University in Shreveport
26489229,Louisiana State University at Shreveport
26489229,Louisiana State University Shreveport
192396691,University of New Orleans
165556055,Loyola University Maryland
165556055,Loyola College in Maryland
35566140,Loyola Marymount University
1925986,Loyola University Chicago
173012211,Loyola University New Orleans
173012211,Loyola University
21978226,University of Lynchburg
21978226,Lynchburg College
21978226,Lynchburg College in Virginia
5444425,Macalester College
5444425,Macalester University
55707380,Manhattan College
926137907,Marist College
102461120,Marquette University
88694374,Marshall University
88225094,Marylhurst University
53276908,Marymount University
63966007,Massachusetts Institute of Technology
150149174,Mercer University
83328450,Miami University
87216513,Michigan State University
11957088,Michigan Technological University
169615421,Middle Tennessee State University
195575238,Middlebury College
91221267,Minnesota State Colleges and Universities System
152014189,"Minnesota State University, Mankato"
152014189,Mankato State University
46896759,Midwestern State University
166613482,Minnesota State University Moorhead
141450709,Monmouth University
166613482,Moorhead State University
52890796,Mississippi College
4210141039,Mississippi Institutions of Higher Learning
57298602,Alcorn State University
82917088,Delta State University
61937129,Jackson State University
99041443,Mississippi State University
31807967,Mississippi University for Women
61652871,Mississippi Valley State University
368840534,University of Mississippi
368840534,University of Mississippi Ole Miss
29606459,University of Mississippi Medical Center
44854399,University of Southern Mississippi
2801213986,Montana University System
23732399,Montana State University
193198326,Montana State University Billings
193198326,Montana State University-Billings
193198326,"Montana State University, Billings"
23732399,"Montana State University, Bozeman"
4210150662,Montana State University–Northern
4210150662,"Montana State University, Northern"
4210150662,Montana State University Northern
917168660,Montana Tech of The University of Montana
917168660,Montana Tech
6750721,University of Montana
6750721,"University of Montana, Missoula"
6750721,University of Montana-Missoula
6750721,University of Montana Missoula
27802707,University of Montana Western
27802707,Western Montana College
27802707,Western Montana College of The University of Montana
166088655,Montclair State College
166088655,Montclair State University
85230861,Morehouse College
150693791,Mount Holyoke College
4210134096,Mount St Mary's University
4210134096,Mount St Mary's College
68213504,Mount Saint Mary's University
68213504,Mount Saint Mary's College and Seminary
68213504,Mount Saint Marys College and Seminary
68213504,"Mount St Mary's University, Emmitsburg"
68213504,Mount St Mary's University Emmitsburg
127362389,Murray State University
25093896,Nazareth College
25093896,Nazareth College of Rochester
118118575,New Jersey Institute of Technology
10052268,New Mexico State University
102179633,New School
102179633,New School University
57206974,New York University
45536552,North Central College
4210127926,North Dakota University System
65741653,Dickinson State University
53457621,Mayville State University
92063915,Minot State University
57328836,North Dakota State University
24571045,University of North Dakota
24571045,North Dakota University
205944377,Valley City State University
95240055,Northeast Ohio Medical University
95240055,Northeastern Ohio Universities College of Medicine
12912129,Northeastern University
203172682,Northern Arizona University
102502594,Northern Illinois University
111979921,Northwestern University
203088144,Nova Southeastern University
177721651,Oakland University
70571728,Oberlin College
72903472,Occidental College
52357470,The Ohio State University
52357470,Ohio State University
4210106879,Ohio University
81461992,Ohio Wesleyan University
,Oklahoma State System of Higher Education
115475287,Oklahoma State University
81365321,Old Dominion University
189981527,Oral Roberts University
165690674,Oregon Health & Science University
165690674,Oregon Health and Science University
2800918300,Oregon University System
207168215,Eastern Oregon University
129871486,Oregon Institute of Technology
131249849,Oregon State University
126345244,Portland State University
75909800,Southern Oregon University
181233156,University of Oregon
95781656,Western Oregon University
126863827,Pace University
60065076,Pacific Lutheran University
4210149261,Pacific University
29957033,Pennsylvania State System of Higher Education
190816365,Bloomsburg University
190816365,Bloomsburg University of Pennsylvania
36788626,California University of Pennsylvania
49631817,Cheyney University
49631817,Cheyney University of Pennsylvania
114686714,Clarion University
114686714,Clarion University of Pennsylvania
79060951,East Stroudsburg University
79060951,East Stroudsburg University of Pennsylvania
155159281,Edinboro University
155159281,Edinboro University of Pennsylvania
200885203,Indiana University of Pennsylvania
2132711,Kutztown University
2132711,Kutztown University of Pennsylvania
63329203,Lock Haven University
63329203,Lock Haven University of Pennsylvania
131579929,Mansfield University
131579929,Mansfield University of Pennsylvania
104651037,Millersville University
104651037,Millersville University of Pennsylvania
139418187,Shippensburg University
139418187,Shippensburg University of Pennsylvania
169494899,Slippery Rock University
169494899,Slippery Rock University of Pennsylvania
161171246,West Chester University
161171246,West Chester University of Pennsylvania
130769515,Pennsylvania State University
130769515,Pennsylvania State University (PSU)
100191712,Pepperdine University
60262850,Phillips University
57206974,Brooklyn Polytechnic University
57206974,Polytechnic University
57206974,New York University-Polytechnic
57206974,New York University Polytechnic
57206974,Polytechnic Institute Of New York University
177881444,Pomona College
177881444,Pomona University
20089843,Princeton University
196272386,Providence College
196272386,Providence University
219193219,Purdue University West Lafayette
219193219,Purdue University
4210130184,Indiana University-Purdue University Fort Wayne
4210130184,Indiana University Purdue University Fort Wayne
4210130184,Purdue University Fort Wayne
117015748,Purdue University Calumet
117015748,Purdue University Northwest
117015748,Purdue University North Central
40889946,Queens University of Charlotte
40889946,Queens College
43267033,Quinnipiac University
43267033,Quinnipiac College
53559539,Radford University
,Radcliffe College
171851574,Ramapo College of New Jersey
171851574,Ramapo College
55486353,Reed College
128365640,Regis University
165799507,Rensselaer Polytechnic Institute
117979880,Rhodes College
74775410,Rice University
186776151,Rider University
155173764,Rochester Institute of Technology
83399316,Rockefeller University
192972912,Rockford College
192972912,Rockford University
90840245,Rollins College
44265643,Rowan University
102322142,"Rutgers, The State University of New Jersey"
102322142,"Rutgers, State University of New Jersey"
102322142,Rutgers State University of New Jersey
102322142,"Rutgers, The State University of New Jersey, New Brunswick"
102322142,"Rutgers, State University of New Jersey, New Brunswick"
102322142,Rutgers State University of New Jersey New Brunswick
102322142,"Rutgers, The State University of New Jersey, Newark"
102322142,"Rutgers, State University of New Jersey, Newark"
102322142,Rutgers State University of New Jersey Newark
117309725,St Bonaventure University
9224006,St Edward's University
9224006,St Edwards University
910567637,St John Fisher College
4210131395,St John's College
4210131395,St Johns College
4210131395,St John's College New Mexico
142823887,St John's University
142823887,St Johns University
51077184,Saint Joseph's University
51077184,Saint Josephs University
100236772,St Lawrence University
47838141,Saint Louis University
177081203,Saint Mary's College of California
177081203,Saint Marys College of California
189060766,"St Mary's University, Texas"
189060766,"St Mary's University"
189060766,"St Marys University"
4210147856,Saint Mary's University of Minnesota
4210147856,Saint Marys University of Minnesota
55801708,Saint Michael's College
55801708,St Michael's College
55801708,St Michaels College
24861097,St Olaf College
198985290,Saint Xavier University
83321563,Samford University
16269868,Santa Clara University
56327960,Sarah Lawrence College
16970960,Scripps College
11317958,Seattle Pacific University
58610484,Seattle University
12524447,Seton Hall University
179245896,Simmons University
179245896,Simmons College
21104390,Skidmore College
202524275,Smith College
,South Dakota Board Of Regents
177156846,South Dakota State University
161165907,Southeast Missouri State University
161165907,Southeast Missouri University
2801502357,Southern Illinois University System
2801502357,Southern Illinois University
110378019,Southern Illinois University Carbondale
110378019,Southern Illinois University at Carbondale
87547150,Southern Illinois University Edwardsville
87547150,Southern Illinois University at Edwardsville
178169726,Southern Methodist University
119942284,Missouri State University
119942284,Southwest Missouri State University
164141967,Spring Arbor University
50213246,Spring Hill College
97018004,Stanford University
1327163397,State University of New York System
1327163397,State University of New York
392282,"University at Albany, State University of New York"
392282,"University at Albany, SUNY"
392282,University at Albany
392282,State University of New York at Albany
123946342,SUNY Binghamton
123946342,Binghamton University
123946342,"Binghamton University, SUNY"
123946342,State University of New York at Binghamton
4864440,State University of New York at Brockport
4864440,SUNY Brockport
4864440,Brockport College
181697535,Health Science Center at Brooklyn
181697535,SUNY Downstate Medical Center
181697535,State University of New York Downstate Medical Center
115441956,SUNY Buffalo State University
115441956,SUNY Buffalo State College
115441956,Buffalo State University
115441956,Buffalo State College
63190737,"University at Buffalo, State University of New York"
63190737,"University at Buffalo, SUNY"
63190737,University at Buffalo
63190737,State University of New York at Buffalo
880615350,State University of New York College at Cortland
880615350,SUNY College at Cortland
880615350,Cortland College
88081825,Empire State University
88081825,Empire State College
88081825,State University of New York at Empire State College
88081825,State University of New York at Empire State
61032284,SUNY Fredonia
61032284,State University of New York at Fredonia
27559774,State University of New York at Geneseo
27559774,SUNY Geneseo
157455823,State University of New York at New Paltz
157455823,SUNY New Paltz
138168422,SUNY College at Old Westbury
138168422,State University of New York at Old Westbury
122713931,SUNY Oneonta
122713931,State University of New York at Oneonta
122713931,State University of New York College at Oneonta
43742981,State University of New York at Oswego
43742981,State University at Oswego
43742981,SUNY Oswego
63475719,SUNY Plattsburgh
63475719,State University of New York at Plattsburgh
63475719,State University of New York College at Plattsburgh
83328411,State University of New York at Potsdam
83328411,SUNY Potsdam
103497121,Purchase College
103497121,State University of New York at Purchase
59553526,Stony Brook University
59553526,"Stony Brook University, State University of New York"
59553526,SUNY Stony Brook
59553526,State University of New York at Stony Brook
59553526,"State University of New York, Stony Brook"
20388574,SUNY Upstate Medical University
20388574,Upstate Medical University
20388574,State University of New York Upstate Medical University
20388574,Health Science Center at Syracuse
2801649442,State University System of Florida
63772739,Florida Atlantic University
2801014300,Florida Gulf Coast University
106959904,Florida Institute of Technology
19700959,Florida International University
103163165,Florida State University
201193091,Stephen F. Austin State University
201193091,Stephen E Austin State University
99490713,Stetson University
108468826,Stevens Institute of Technology
108468826,Stevens University
24306055,Suffolk University
118020396,Swarthmore College
118020396,Swarthmore University
2125089,Sweet Briar College
70983195,Syracuse University
84392919,Temple University
75256744,Tennessee State University
63920570,Tennessee Technological University
173268674,Texas A&M University System
125029298,Texas A&M Health Science Center
125029298,Health Science Center
,Baylor College of Dentistry
,Texas A&M University Baylor College of Dentistry
,Texas A&M University School of Dentistry
250520410,Prairie View A&M University
75063564,Tarleton State University
131740757,Texas A&M International University
91045830,Texas A&M University
91045830,Texas A&M University-College Station
91045830,Texas A&M University College Station
206651237,Texas A&M University-Commerce
206651237,Texas A&M University Commerce
96749437,Texas A&M University-Corpus Christi
96749437,Texas A&M University Corpus Christi
164185940,Texas A&M University at Galveston
164185940,Texas A&M University Galveston
181414168,Texas A&M University-Kingsville
181414168,Texas A&M University Kingsville
51380931,Texas A&M University-Texarkana
51380931,Texas A&M University Texarkana
188674872,West Texas A&M University
128956969,Texas Christian University
2801273398,Texas State University System
41644977,Angelo State University
177898655,Lamar University
,Lamar Institute of Technology
4210117491,Lamar State College–Port Arthur
4210117491,Lamar State College Port Arthur
3024311316,Lamar Community College
3024311316,Lamar State College–Orange
3024311316,Lamar State College Orange
191429286,Sam Houston State University
162709352,Sul Ross State University
13511017,Texas State University
13511017,Texas State University-San Marcos
13511017,Texas State University San Marcos
13511017,Southwest Texas State University
4210088475,Texas Tech University System
12315562,Texas Tech University
926076166,Texas Tech University Health Sciences Center
,Texas Tech University Health Sciences Center At El Paso
142374663,Texas Wesleyan University
150913223,Texas Woman's University
,Tennessee Board of Regents
149251103,Thomas Jefferson University
149251103,Jefferson University
56722557,Trinity College
60060512,Trinity University
199639920,Truman State University
121934306,Tufts University
114832834,Tulane University
6026837,Tuskegee University
177328695,Union College
204669301,Union Institute
204669301,Union Institute & University
204669301,Union Institute and University
,United States International University
430641,US Air Force Academy
430641,United States Air Force Academy
186274478,United States Coast Guard Academy
186274478,US Coast Guard Academy
157438962,United States Merchant Marine Academy
192545095,United States Military Academy
192545095,US Military Academy
189158971,United States Naval Academy
189158971,US Naval Academy
68260882,Nevada System of Higher Education
68260882,University and Community College System of Nevada
133999245,"University of Nevada, Las Vegas"
133999245,University of Nevada Las Vegas
134113660,University of Nevada Reno
134113660,"University of Nevada, Reno"
110152177,University of Akron
2800507078,University of Alabama System
32389192,University of Alabama at Birmingham
32389192,University of Alabama Birmingham
82495205,University of Alabama in Huntsville
82495205,University of Alabama Huntsville
17301866,University of Alabama
17301866,University of Alabama-Tuscaloosa
17301866,University of Alabama - Tuscaloosa
17301866,Universitv of Alabama Tuscaloosa
2802090665,University of Alaska System
147853995,University of Alaska Anchorage
141472210,University of Alaska Fairbanks
90464598,University of Alaska Southeast
138006243,University of Arizona
2799691083,University of Arkansas System
78715868,"University of Arkansas, Fayetteville"
78715868,University of Arkansas at Fayetteville
78715868,University of Arkansas
102401767,University of Arkansas at Little Rock
79620101,University of Arkansas for Medical Sciences
169655526,University of Arkansas at Monticello
94525581,University of Arkansas at Pine Bluff
2803209242,University of California System
95457486,"University of California, Berkeley"
95457486,University of California Berkeley
84218800,"University of California, Davis"
84218800,University of California Davis
204250578,"University of California, Irvine"
204250578,University of California Irvine
161318765,"University of California, Los Angeles"
161318765,University of California Los Angeles
156087764,"University of California, Merced"
156087764,University of California Merced
103635307,"University of California, Riverside"
103635307,University of California Riverside
36258959,"University of California, San Diego"
36258959,University of California San Diego
180670191,"University of California, San Francisco"
154570441,"University of California, Santa Barbara"
185103710,"University of California, Santa Cruz"
32038505,University of Central Arkansas
106165777,University of Central Florida
48380244,University of Charleston
40347166,University of Chicago
63135867,University of Cincinnati
2802236040,University of Colorado System
188538660,University of Colorado Boulder
188538660,University of Colorado at Boulder
888729015,University of Colorado Colorado Springs
888729015,University of Colorado at Colorado Springs
921990950,University of Colorado Denver
921990950,University of Colorado at Denver
921990950,University of Colorado at Denver Health Sciences Center
921990950,University of Colorado Health Sciences Center
140172145,University of Connecticut
127591826,University of Dayton
86501945,University of Delaware
131651094,University of Denver
71792333,University of Detroit Mercy
155997454,University of Evansville
33213144,University of Florida
162281398,University of Hartford
162281398,Hartford University
1331384533,University of Hawaii System
35722693,University of Hawaii at Hilo
117965899,University of Hawaii at Manoa
117965899,University of Hawaii Manoa
25390106,University of Hawaii–West Oahu
25390106,University of Hawaii West Oahu
2801525821,University of Houston System
44461941,University of Houston
52913039,University of Houston - Clear Lake
52913039,University of Houston-Clear Lake
52913039,University of Houston Clear Lake
16277215,University of Houston - Downtown
16277215,University of Houston-Downtown
16277215,University of Houston Downtown
173388201,University of Houston-Victoria
173388201,University of Houston Victoria
155093810,University of Idaho
2801919071,University of Illinois System
2801919071,University of Illinois
39422238,University of Illinois at Chicago
39422238,University of Illinois Chicago
79884896,University of Illinois at Springfield
79884896,University of Illinois Springfield
157725225,University of Illinois Urbana-Champaign
157725225,University of Illinois at Urbana-Champaign
135191193,University of Indianapolis
126307644,University of Iowa
146416000,University of Kansas
143302722,University of Kentucky
708430,University of La Verne
2799628689,University of Louisiana System
152158401,Grambling State University
152158401,Gambling State University
919208787,Louisiana Tech University
172951950,McNeese State University
47209331,Nicholls State University
157717896,Northwestern State University
157717896,Northwestern State University of Louisiana
197173980,Southeastern Louisiana University
79516672,University of Louisiana Lafayette
79516672,University of Louisiana at Lafayette
79516672,University of Southwestern Louisiana
79516672,University of Louisiana
71730758,University of Louisiana at Monroe
71730758,University of Louisiana Monroe
71730758,Northeast Louisiana University
142740786,University of Louisville
2802397601,University of Maine System
7947594,University of Maine
7947594,University of Maine (Orono)
7947594,University of Maine Orono
91492222,University of Maine at Augusta
198006653,University of Maine at Farmington
215168068,University of Maine at Fort Kent
174836887,University of Maine at Machias
160136153,University of Maine at Presque Isle
73443619,University of Southern Maine
191484440,University of Mary Washington
191484440,Mary Washington College
88225094,Marylhurst University
88225094,Marylhurst College
2802841742,University of Massachusetts System
24603500,University of Massachusetts Amherst
24603500,University of Massachusetts at Amherst
33434090,University of Massachusetts Boston
33434090,University of Massachusetts at Boston
100633361,University of Massachusetts Dartmouth
100633361,University of Massachusetts at Dartmouth
133738476,University of Massachusetts Lowell
133738476,University of Massachusetts at Lowell
166722992,University of Massachusetts Chan Medical School
166722992,University of Massachusetts Worcester
166722992,University of Massachusetts at Worcester
94658018,University of Memphis
145608581,University of Miami
27837315,University of Michigan
27837315,University of Michigan–Ann Arbor
27837315,University of Michigan Ann Arbor
4210130704,University of Michigan–Dearborn
4210130704,University of Michigan Dearborn
4210092198,University of Michigan–Flint
4210092198,University of Michigan Flint
2800403580,University of Minnesota System
130238516,University of Minnesota
130238516,"University of Minnesota, Twin Cities"
4210159608,University of Minnesota Crookston
4210159608,"University of Minnesota, Crookston"
4210115145,"University of Minnesota, Duluth"
4210162301,University of Minnesota Morris
4210162301,"University of Minnesota, Morris"
4777552,University of Missouri System
76835614,University of Missouri
76835614,"University of Missouri, Columbia"
75421653,University of Missouri–Kansas City
75421653,University of Missouri Kansas City
20382870,Missouri University of Science and Technology
20382870,"University of Missouri, Rolla"
208333798,University of Missouri–St. Louis
208333798,University of Missouri St Louis
2802450327,University of Nebraska System
114395901,University of Nebraska–Lincoln
114395901,University of Nebraska at Lincoln
114395901,University of Nebraska Lincoln
36486460,University of Nebraska at Kearney
36486460,University of Nebraska Kearney
122266389,University of Nebraska Omaha
122266389,University of Nebraska at Omaha
59130452,University of Nebraska Medical Center
169521973,University of New Mexico
4210158053,University of North Carolina System
430192,Appalachian State University
186335123,East Carolina University
65399651,Elizabeth City State University
184654094,Fayetteville State University
35777872,North Carolina Agricultural and Technical State University
123127086,North Carolina Central University
2800023490,University of North Carolina School of the Arts
2800023490,University of North Carolina School of Arts
2800023490,North Carolina School of the Arts
2800023490,North Carolina School of Arts
137902535,North Carolina State University
87097829,University of North Carolina at Asheville
114027177,University of North Carolina at Chapel Hill
102149020,University of North Carolina at Charlotte
169335092,University of North Carolina at Greensboro
3970613,University of North Carolina at Pembroke
153901656,University of North Carolina Wilmington
153901656,University of North Carolina at Wilmington
103406327,Western Carolina University
188405335,Winston-Salem State University
188405335,Winston Salem State University
11874761,University of North Florida
2802090120,University of North Texas System
123534392,University of North Texas
87573096,University of North Texas at Dallas
87573096,University of North Texas Dallas Campus
165139151,University of North Texas Health Science Center
165139151,University of North Texas Health Science Center at Forth Worth
165139151,University of North Texas Health Sciences Center at Forth Worth
71966907,University of Northern Colorado
119234918,University of Northern Iowa
107639228,University of Notre Dame
8692664,University of Oklahoma
49332381,University of Oklahoma Health Sciences Center
4392738079,University of Oklahoma - Tulsa
4392738079,University of Oklahoma Tulsa
79576946,University of Pennsylvania
170201317,University of Pittsburgh
71578702,University of Portland
146552867,University of Puget Sound
193054373,University of Redlands
17626003,University of Rhode Island
158012942,University of Richmond
5388228,University of Rochester
130799901,University of St. Thomas - Texas
130799901,University of St. Thomas Texas
161515732,University of St. Thomas - Minnesota
161515732,University of St. Thomas Minnesota
160856358,University of San Diego
76766440,University of San Francisco
124113063,University of Scranton
124113063,Scranton University
83809506,University of South Alabama
155781252,University of South Carolina
189957204,University of South Dakota
2613432,University of South Florida
1174212,University of Southern California
2799495847,University of Tennessee System
177097968,University of Tennessee at Chattanooga
75027704,University of Tennessee at Knoxville
109963312,University of Tennessee at Martin
160606119,University of Tennessee at Memphis
160606119,University of Tennessee Health Science Center
16452829,University of Texas System
189196454,University of Texas at Arlington
86519309,University of Texas at Austin
2802326326,University of Texas Rio Grande Valley
2802326326,University of Texas at Brownsville/Texas Southmost College
162577319,University of Texas at Dallas
164936912,University of Texas at El Paso
164936912,University of Texas at EI Paso
,University of Texas-Pan American
,University of Texas Pan American
114580094,University of Texas of the Permian Basin
114580094,University of Texas of Permian Basin
45438204,University of Texas at San Antonio
221716585,University of Texas at Tyler
4210094379,University of Texas Health Science Center at Dallas
4210094379,University of Texas Southwestern Medical Center at Dallas
919571938,University of Texas Health Science Center at Houston
165951966,The University of Texas Health Science Center at San Antonio
165951966,University of Texas Health Science Center at San Antonio
55302922,University of Texas Medical Branch at Galveston
54166199,University of the Incarnate Word
54166199,University of Incarnate Word
119942576,University of the Pacific
119942576,University of Pacific
145423581,Sewanee: The University of the South
145423581,University of the South
145423581,University of South
90871651,University of Toledo
87208437,University of Tulsa
223532165,University of Utah
111236770,University of Vermont
51556381,University of Virginia
201448701,University of Washington
83683471,University of West Florida
1304256225,University of Wisconsin System
124727415,University of Wisconsin–Eau Claire
124727415,University of Wisconsin Eau Claire
129510320,University of Wisconsin–Green Bay
129510320,University of Wisconsin Green Bay
4657992,University of Wisconsin–La Crosse
4657992,University of Wisconsin La Crosse
135310074,University of Wisconsin–Madison
135310074,University of Wisconsin Madison
43579087,University of Wisconsin–Milwaukee
43579087,University of Wisconsin Milwaukee
64185308,University of Wisconsin–Oshkosh
64185308,University of Wisconsin Oshkosh
183437572,University of Wisconsin–Parkside
183437572,University of Wisconsin Parkside
1745920,University of Wisconsin–Platteville
1745920,University of Wisconsin Platteville
14403649,University of Wisconsin–River Falls
14403649,University of Wisconsin River Falls
191114373,University of Wisconsin–Stevens Point
191114373,University of Wisconsin Stevens Point
1921588,University of Wisconsin–Stout
1921588,University of Wisconsin Stout
61567134,University of Wisconsin–Superior
61567134,University of Wisconsin Superior
,University of Wisconsin-Waukesha
,University of Wisconsin Waukesha
183533211,University of Wisconsin–Whitewater
183533211,University of Wisconsin Whitewater
12834331,University of Wyoming
1289702989,University System of Georgia
,Georgia Health Sciences University
25041050,Augusta University
25041050,Augusta State University
130701444,Georgia Institute of Technology
39815113,Georgia Southern University
130075709,Georgia Southwestern State University
181565077,Georgia State University
172980758,Kennesaw State University
,Medical College of Georgia
,Gainesville State College
924760719,University of North Georgia
924760719,North Georgia College & State University
924760719,North Georgia College and State University
206426949,Southern Polytechnic State University
5950314,State University of West Georgia
5950314,University of West Georgia
165733156,University of Georgia
1317227900,University System of Maryland
324100,Bowie State University
47500952,Coppin State University
47500952,Coppin State College
152830075,Frostburg State University
9364636,Salisbury University
9364636,Salisbury State University
4322298,Towson University
6059380,University of Baltimore
126744593,"University of Maryland, Baltimore"
79272384,"University of Maryland, Baltimore County"
66946132,"University of Maryland, College Park"
22407884,University of Maryland Eastern Shore
22407884,"University of Maryland, Eastern Shore"
4210107443,University of Maryland Global Campus
4210107443,University of Maryland University College
2800453862,University System of New Hampshire
161057412,University of New Hampshire
161057412,University of New Hampshire Durham
2802096936,University System of Ohio
162212782,Central State University
150638750,Keene State College
89312276,Plymouth State University
89312276,Plymouth State College
179093154,University of New Hampshire at Manchester
179093154,University of New Hampshire-Manchester
179093154,"University of New Hampshire, Manchester"
60922557,Upper Iowa University
2801365484,Utah System Of Higher Education
121980950,Utah State University
149744451,Valparaiso University
200719446,Vanderbilt University
126820664,Vassar College
7863295,Villanova University
184840846,Virginia Commonwealth University
185641255,Virginia Military Institute
859038795,Virginia Tech
859038795,Virginia Polytechnic Institute and State University
24511612,Wabash College
47251452,Wake Forest University
127339705,Washburn University
28527212,Washington and Jefferson College
28527212,Washington & Jefferson College
184889055,Washington and Lee University
72951846,Washington State University
204465549,Washington University in St. Louis
204465549,Washington University
4210135078,Washington University Medical Center
185443292,Wayne State University
119261591,Weber State University
189731429,Wellesley College
100538780,Wesleyan University
12097938,West Virginia University
45013219,West Virginia Wesleyan College
94339441,Western Kentucky University
141649380,Western Michigan University
52669646,Western Washington University
156220630,Westminster College-Utah
156220630,Westminster College
53618229,Wheaton College-Massachusetts
53618229,Wheaton College Massachusetts
73236664,Wheaton College-Illinois
73236664,Wheaton College Illinois
18283598,Wheeling Jesuit University
138943879,Whitman College
168046917,Whitworth University
168046917,Whitworth College
39587148,Wichita State University
138659443,Widener University
141670070,Willamette University
22675022,Williams College
169086405,Winthrop University
18860807,Wittenberg College
18860807,Wittenberg University
130905186,Wofford College
107077323,Worcester Polytechnic Institute
19648265,Wright State University
194120229,Xavier University
169251466,Xavier University of Louisiana
32971472,Yale University
19772626,Yeshiva University
19772626,Yeshiva College